{"IcoMoonType":"selection","icons":[{"icon":{"paths":["M992 512l-480-480v288h-512v384h512v288z"],"tags":["arrow-right","right","next"],"defaultCode":59956,"grid":32,"attrs":[]},"attrs":[],"properties":{"ligatures":"arrow-right, right3","name":"arrow-right","order":2,"id":309,"prevSize":32,"code":59956},"setIdx":0,"setId":1,"iconIdx":308},{"icon":{"paths":["M32 512l480 480v-288h512v-384h-512v-288z"],"tags":["arrow-left","left","previous"],"defaultCode":59960,"grid":32,"attrs":[]},"attrs":[],"properties":{"ligatures":"arrow-left, left3","name":"arrow-left","order":3,"id":313,"prevSize":32,"code":59960},"setIdx":0,"setId":1,"iconIdx":312}],"height":1024,"metadata":{"name":"icomoon"},"preferences":{"showGlyphs":true,"showQuickUse":false,"showQuickUse2":true,"showSVGs":true,"fontPref":{"prefix":"icon-","metadata":{"fontFamily":"icomoon","majorVersion":1,"minorVersion":0},"metrics":{"emSize":1024,"baseline":6.25,"whitespace":50},"embed":false},"imagePref":{"prefix":"icon-","png":true,"useClassSelector":true,"color":0,"bgColor":16777215,"classSelector":".icon","name":"icomoon","height":32,"columns":16,"margin":16},"historySize":50,"showCodes":true,"gridSize":16,"showGrid":true}}